epoch,train_seg_loss,train_edge_loss,train_total_loss,val_seg_loss,val_edge_loss,val_total_loss,learning_rate,epoch_time_sec,gpu_mem_mb
1,2.3907580375671387,1.7215297222137451,4.112287640571594,2.416962504386902,1.6790063381195068,4.095968961715698,0.0001,1.7174124717712402,1840.80517578125
2,1.809079885482788,1.7181424498558044,3.5272223949432373,2.4924023151397705,1.679052710533142,4.171454906463623,0.0001,0.6917679309844971,1844.806640625
